POP,LOCAL,HAB,COND,Air Temp,HGR,INC,SOIL,VEG,ROCK,ROCK_RM,WALL,ROCKD,SOIL1,VEG1,ROCK1,SOIL1_T,VEG1_T,ROCK1_T,SUBTEMP,APPROACH,FLIGHT,REFUGE,REFUGETEMP,SOIL2,VEG2,ROCK2,SOIL2_T,VEG2_T,ROCK2_T,COLOR,TAIL
(6)Barragem,Lindoso,NAT,BURN,26.8,45,25,0,0,1,0,0,80,0.1,0.4,0.5,0.100167421,0.411516846,0.523598776,44.4,220,65,rock,15.9,0,0.7,0.3,0,0.775397497,0.304692654,Unif,ok
(6)Barragem,Lindoso,NAT,BURN,27.5,100,45,0,0,1,0,0,300,0,0,1,0,0,1.570796327,43.7,420,180,rock,22.2,0,0.05,0.95,0,0.050020857,1.253235898,Unif,reg
(6)Barragem,Lindoso,NAT,BURN,27.3,0,0,0,0,0,1,0,RM,0.1,0.3,0.6,0.100167421,0.304692654,0.643501109,24.8,250,40,veg,22.3,0.2,0.4,0.4,0.201357921,0.411516846,0.411516846,Unif,reg
(6)Barragem,Lindoso,NAT,BURN,26.5,15,0,0,0,1,0,0,250,0.25,0.05,0.7,0.252680255,0.050020857,0.775397497,36.6,230,10,rock,27.1,0.25,0.05,0.7,0.252680255,0.050020857,0.775397497,Spot,reg
(6)Barragem,Lindoso,NAT,BURN,27.2,10,10,0,0,1,0,0,20,0.3,0.3,0.4,0.304692654,0.304692654,0.411516846,33.8,220,60,rock,13.4,0.2,0.1,0.7,0.201357921,0.100167421,0.775397497,Unif,ok
(6)Barragem,Lindoso,NAT,BURN,25.7,25,90,0,0,1,0,0,200,0.4,0.2,0.4,0.411516846,0.201357921,0.411516846,38.2,180,25,soil,25.1,0.4,0.2,0.4,0.411516846,0.201357921,0.411516846,Unif,reg
(6)Barragem,Lindoso,NAT,BURN,26,110,10,0,0,1,0,0,400,0.1,0,0.9,0.100167421,0,1.119769515,29.1,40,70,rock,26.1,0,0.3,0.7,0,0.304692654,0.775397497,Unif,reg
(6)Barragem,Lindoso,NAT,BURN,24.7,65,20,0,0,1,0,0,150,0,0.4,0.6,0,0.411516846,0.643501109,30.8,230,50,veg,13.9,0,0.6,0.4,0,0.643501109,0.411516846,Spot,reg
(6)Barragem,Lindoso,NAT,BURN,27.5,70,15,0,0,1,0,0,100,0,0.3,0.7,0,0.304692654,0.775397497,49.6,305,30,rock,15.9,0,0.3,0.7,0,0.304692654,0.775397497,Unif,ok
(6)Barragem,Lindoso,NAT,BURN,27.7,100,85,0,0,0,1,0,RM,0,0.3,0.7,0,0.304692654,0.775397497,28.3,350,40,veg,22,0,0.5,0.5,0,0.523598776,0.523598776,Unif,ok
(6)Barragem,Lindoso,NAT,BURN,28.3,120,10,0,0,0,1,0,RM,0,0.2,0.8,0,0.201357921,0.927295218,45.5,290,10,rock,36.1,0,0.2,0.8,0,0.201357921,0.927295218,Spot,ok
(6)Barragem,Lindoso,NAT,BURN,28.3,70,90,0,0,0,1,0,RM,0,0.5,0.5,0,0.523598776,0.523598776,27.7,310,20,veg,21.8,0,0.5,0.5,0,0.523598776,0.523598776,Spot,reg
(6)Barragem,Lindoso,NAT,BURN,26.6,25,70,0,0,0,1,0,RM,0,0.1,0.9,0,0.100167421,1.119769515,26.8,340,50,rock,44,0,0.1,0.9,0,0.100167421,1.119769515,Unif,reg
(6)Barragem,Lindoso,NAT,BURN,26.2,100,85,0,0,0,1,0,RM,0,0.05,0.95,0,0.050020857,1.253235898,18,440,50,rock,23,0,0.05,0.95,0,0.050020857,1.253235898,Unif,ok
(6)Barragem,Lindoso,NAT,BURN,26.6,90,60,0,0,0,1,0,RM,0,0.5,0.5,0,0.523598776,0.523598776,29.4,355,70,rock,10.3,0,0.7,0.3,0,0.775397497,0.304692654,Spot,reg
(6)Barragem,Lindoso,NAT,BURN,31.7,145,90,0,0,0,1,0,RM,0,0.4,0.6,0,0.411516846,0.643501109,21.6,305,90,rock,10.2,0,0.2,0.8,0,0.201357921,0.927295218,Unif,reg
(6)Barragem,Lindoso,NAT,BURN,30.3,75,60,0,0,1,0,0,75,0,0.3,0.7,0,0.304692654,0.775397497,26.1,180,60,rock,10.2,0,0.3,0.7,0,0.304692654,0.775397497,Unif,ok
(6)Barragem,Lindoso,NAT,BURN,26.6,35,85,0,0,0,1,0,RM,0.3,0.15,0.55,0.304692654,0.150568273,0.582364238,23,560,110,rock,19.6,0,0.4,0.6,0,0.411516846,0.643501109,Unif,ok
(6)Barragem,Lindoso,NAT,BURN,26.3,95,70,0,0,0,1,0,RM,0,0,1,0,0,1.570796327,36.8,280,40,rock,13.9,0,0.2,0.8,0,0.201357921,0.927295218,Unif,ok
(6)Barragem,Lindoso,NAT,BURN,30.1,190,90,0,0,0,1,0,RM,0,0,1,0,0,1.570796327,24.9,445,10,rock,15.2,0,0,1,0,0,1.570796327,Unif,ok
(6)Barragem,Lindoso,NAT,BURN,26.2,100,60,0,0,0,1,0,RM,0,0.1,0.9,0,0.100167421,1.119769515,30.1,295,30,rock,16.1,0,0.1,0.9,0,0.100167421,1.119769515,Unif,ok
(6)Barragem,Lindoso,NAT,BURN,26.5,60,45,0,0,0,1,0,RM,0,0,1,0,0,1.570796327,39.8,270,140,rock,21.5,0,0,1,0,0,1.570796327,Unif,ok
(6)Barragem,Lindoso,NAT,BURN,30.2,80,70,0,0,0,1,0,RM,0,0,1,0,0,1.570796327,32.9,220,80,rock,12.2,0,0.2,0.8,0,0.201357921,0.927295218,Spot,ok
(6)Barragem,Lindoso,NAT,BURN,30.4,90,90,0,0,0,1,0,RM,0,0.25,0.75,0,0.252680255,0.848062079,29.9,555,75,rock,21.2,0,0.15,0.85,0,0.150568273,1.015985294,Unif,ok
(6)Barragem,Lindoso,NAT,BURN,29.3,130,65,0,0,0,1,0,RM,0,0.1,0.9,0,0.100167421,1.119769515,37.9,540,80,rock,10,0,0,1,0,0,1.570796327,Unif,ok
(6)Barragem,Lindoso,NAT,BURN,30.1,160,90,0,0,0,1,0,RM,0,0,1,0,0,1.570796327,23.2,360,150,rock,21.8,0,0.5,0.5,0,0.523598776,0.523598776,Unif,reg
(6)Barragem,Lindoso,NAT,BURN,32.8,100,50,0,0,0,1,0,RM,0,0.1,0.9,0,0.100167421,1.119769515,43.3,240,100,rock,24.2,0,0.3,0.7,0,0.304692654,0.775397497,Spot,ok
(6)Barragem,Lindoso,NAT,BURN,33.3,55,10,0,0,1,0,0,150,0.2,0,0.8,0.201357921,0,0.927295218,39.2,370,60,rock,24.2,0.2,0,0.8,0.201357921,0,0.927295218,Unif,reg
(6)Barragem,Lindoso,NAT,BURN,19,35,30,0,0,1,0,0,150,0,0.2,0.8,0,0.201357921,0.927295218,9.8,375,45,rock,6.4,0,0.2,0.8,0,0.201357921,0.927295218,Unif,reg
(6)Barragem,Lindoso,NAT,BURN,24.5,80,0,0,0,0,0,1,,0,0.1,0.9,0,0.100167421,1.119769515,26.1,235,15,rock,13.4,0,0.1,0.9,0,0.100167421,1.119769515,Spot,reg
(6)Barragem,Lindoso,NAT,BURN,18.4,15,10,0,0,1,0,0,30,0.1,0.6,0.3,0.100167421,0.643501109,0.304692654,24.3,290,30,veg,14.9,0.1,0.6,0.3,0.100167421,0.643501109,0.304692654,Unif,ok
(6)Barragem,Lindoso,NAT,BURN,23.1,75,40,0,0,0,1,0,RM,0,0.3,0.7,0,0.304692654,0.775397497,34.2,255,80,rock,35,0,0.4,0.6,0,0.411516846,0.643501109,Spot,ok
(6)Barragem,Lindoso,NAT,BURN,23.1,20,65,0,0,0,1,0,RM,0,0.45,0.55,0,0.466765339,0.582364238,30.7,310,70,veg,18.3,0,0.3,0.7,0,0.304692654,0.775397497,Unif,ok
(6)Barragem,Lindoso,NAT,BURN,25.6,105,30,0,0,0,1,0,RM,0.1,0.1,0.8,0.100167421,0.100167421,0.927295218,12.4,335,30,veg,6.3,0.1,0.15,0.75,0.100167421,0.150568273,0.848062079,Unif,reg
(6)Barragem,Lindoso,NAT,BURN,25.7,140,30,0,0,0,1,0,RM,0,0.2,0.8,0,0.201357921,0.927295218,32.2,100,10,rock,28.9,0,0.2,0.8,0,0.201357921,0.927295218,Spot,reg
(6)Barragem,Lindoso,NAT,BURN,21.6,40,90,0,0,0,0,1,,0.2,0.1,0.7,0.201357921,0.100167421,0.775397497,27.4,265,40,soil,34.2,0.3,0.2,0.5,0.304692654,0.201357921,0.523598776,Unif,reg
(6)Barragem,Lindoso,NAT,BURN,28,55,50,0,0,0,1,0,RM,0.1,0.15,0.75,0.100167421,0.150568273,0.848062079,39.2,290,50,rock,21.3,0.05,0.15,0.8,0.050020857,0.150568273,0.927295218,Unif,reg
(6)Barragem,Lindoso,NAT,BURN,24.5,55,75,0,0,0,1,0,RM,0.1,0.15,0.75,0.100167421,0.150568273,0.848062079,14.6,195,40,rock,11.7,0.1,0.15,0.75,0.100167421,0.150568273,0.848062079,Spot,reg
(6)Barragem,Lindoso,NAT,BURN,28,135,55,0,1,0,0,0,,0,0.2,0.8,0,0.201357921,0.927295218,45.1,100,10,rock,13.3,0,0.2,0.8,0,0.201357921,0.927295218,Unif,ok
(6)Barragem,Lindoso,NAT,BURN,28,40,20,0,0,0,1,0,RM,0,0.5,0.5,0,0.523598776,0.523598776,31.4,280,90,veg,21.2,0,0.6,0.4,0,0.643501109,0.411516846,Spot,reg
(6)Barragem,Lindoso,NAT,BURN,31.6,120,60,0,0,0,1,0,RM,0,0.05,0.95,0,0.050020857,1.253235898,12.8,275,90,rock,9.2,0.05,0.1,0.85,0.050020857,0.100167421,1.015985294,Unif,reg
(6)Barragem,Lindoso,NAT,BURN,29.6,60,55,0,0,0,1,0,RM,0.1,0.3,0.6,0.100167421,0.304692654,0.643501109,30.8,150,95,veg,20.4,0,0.5,0.5,0,0.523598776,0.523598776,Unif,reg
(6)Barragem,Lindoso,NAT,BURN,30.3,120,20,0,0,0,1,0,RM,0.05,0.2,0.75,0.050020857,0.201357921,0.848062079,33.7,320,140,veg,33.2,0.1,0.3,0.6,0.100167421,0.304692654,0.643501109,Unif,reg
(6)Barragem,Lindoso,NAT,BURN,27.8,55,40,0,0,0,1,0,RM,0.1,0.25,0.65,0.100167421,0.252680255,0.707584437,29.6,180,10,rock,25.4,0.1,0.25,0.65,0.100167421,0.252680255,0.707584437,Spot,ok
(6)Barragem,Lindoso,NAT,BURN,25.6,85,40,0,0,0,1,0,RM,0,0.3,0.7,0,0.304692654,0.775397497,27.3,205,80,rock,18.7,0,0.1,0.9,0,0.100167421,1.119769515,Unif,reg
(6)Barragem,Lindoso,NAT,BURN,25.4,75,45,0,0,0,1,0,RM,0,0.2,0.8,0,0.201357921,0.927295218,26.6,160,50,rock,21.1,0,0.1,0.9,0,0.100167421,1.119769515,Unif,reg
(6)Barragem,Lindoso,NAT,BURN,25.1,50,60,0,0,0,1,0,RM,0,0.3,0.7,0,0.304692654,0.775397497,32.9,240,35,veg,36,0,0.3,0.7,0,0.304692654,0.775397497,Unif,ok
(6)Barragem,Lindoso,NAT,BURN,25.7,90,70,0,0,0,1,0,RM,0,0.1,0.9,0,0.100167421,1.119769515,29.4,310,60,rock,26.3,0,0.1,0.9,0,0.100167421,1.119769515,Spot,reg
(6)Barragem,Lindoso,NAT,BURN,27.4,65,15,0,0,0,1,0,RM,0,0.2,0.8,0,0.201357921,0.927295218,38.4,380,50,veg,28.9,0,0.35,0.65,0,0.357571104,0.707584437,Unif,reg
(6)Barragem,Lindoso,NAT,BURN,27.8,110,30,0,0,0,1,0,RM,0,0.4,0.6,0,0.411516846,0.643501109,29.9,215,35,rock,20.1,0,0.4,0.6,0,0.411516846,0.643501109,Unif,ok
(5)Parada,Lindoso,HUM,UNBURN,18.7,20,30,0,0,0,0,1,,0,0.5,0.5,0,0.523598776,0.523598776,35.3,200,20,wall,11.4,0,0.4,0.6,0,0.411516846,0.643501109,Spot,reg
(5)Parada,Lindoso,HUM,UNBURN,20.8,20,0,0,0,0,0,1,,0.2,0.3,0.5,0.201357921,0.304692654,0.523598776,26.7,180,10,wall,12.9,0.2,0.3,0.5,0.201357921,0.304692654,0.523598776,Spot,reg
(5)Parada,Lindoso,HUM,UNBURN,22,135,10,0,0,0,0,1,,0,0.2,0.8,0,0.201357921,0.927295218,34.4,170,5,wall,10.2,0,0.2,0.8,0,0.201357921,0.927295218,Unif,ok
(5)Parada,Lindoso,HUM,UNBURN,22,40,0,0,0,0,0,1,,0.2,0.2,0.6,0.201357921,0.201357921,0.643501109,22.2,130,10,wall,5.8,0.2,0.2,0.6,0.201357921,0.201357921,0.643501109,Unif,reg
(5)Parada,Lindoso,HUM,UNBURN,22.6,50,90,0,0,0,0,1,,0.3,0.1,0.6,0.304692654,0.100167421,0.643501109,14.8,215,40,wall,8.5,0.3,0.1,0.6,0.304692654,0.100167421,0.643501109,Spot,ok
(5)Parada,Lindoso,HUM,UNBURN,22.6,30,90,0,0,0,0,1,,0.2,0.2,0.6,0.201357921,0.201357921,0.643501109,31.2,170,40,wall,16.5,0.2,0.2,0.6,0.201357921,0.201357921,0.643501109,Unif,ok
(5)Parada,Lindoso,HUM,UNBURN,26.6,90,60,0,0,0,0,1,,0,0.4,0.6,0,0.411516846,0.643501109,58.1,150,25,wall,12.4,0,0.3,0.7,0,0.304692654,0.775397497,Unif,reg
(5)Parada,Lindoso,HUM,UNBURN,23.1,90,0,0,0,0,0,1,,0.2,0,0.8,0.201357921,0,0.927295218,48.6,180,15,wall,6.6,0.2,0,0.8,0.201357921,0,0.927295218,Unif,ok
(5)Parada,Lindoso,HUM,UNBURN,30.4,70,10,0,0,0,0,1,,0,0.3,0.7,0,0.304692654,0.775397497,58.7,140,20,wall,10.3,0,0.3,0.7,0,0.304692654,0.775397497,Spot,reg
(5)Parada,Lindoso,HUM,UNBURN,24.9,40,20,0,0,0,0,1,,0.1,0.2,0.7,0.100167421,0.201357921,0.775397497,25.6,130,80,wall,19.1,0.1,0.2,0.7,0.100167421,0.201357921,0.775397497,Unif,ok
(5)Parada,Lindoso,HUM,UNBURN,24.6,55,10,0,0,0,0,1,,0.15,0.15,0.7,0.150568273,0.150568273,0.775397497,18.3,75,60,wall,10.4,0.2,0.1,0.7,0.201357921,0.100167421,0.775397497,Unif,reg
(5)Parada,Lindoso,HUM,UNBURN,23.9,35,30,0,0,0,0,1,,0.2,0.05,0.75,0.201357921,0.050020857,0.848062079,66.2,190,10,wall,8.1,0.2,0.05,0.75,0.201357921,0.050020857,0.848062079,Unif,reg
(5)Parada,Lindoso,HUM,UNBURN,31.4,135,60,0,0,0,0,1,,0,0.2,0.8,0,0.201357921,0.927295218,40.6,150,20,wall,9.6,0,0.15,0.85,0,0.150568273,1.015985294,Unif,reg
(5)Parada,Lindoso,HUM,UNBURN,29.4,100,0,0,0,0,0,1,,0,0,1,0,0,1.570796327,34.8,140,55,wall,17.6,0,0,1,0,0,1.570796327,Spot,reg
(5)Parada,Lindoso,HUM,UNBURN,30.1,90,10,0,0,0,0,1,,0.2,0.5,0.75,0.201357921,0.523598776,0.848062079,18.9,155,10,wall,30,0.2,0.05,0.75,0.201357921,0.050020857,0.848062079,Unif,ok
(5)Parada,Lindoso,HUM,UNBURN,30.1,90,90,0,0,0,0,1,,0.2,0.2,0.6,0.201357921,0.201357921,0.643501109,19.5,155,30,wall,16.5,0.3,0.15,0.55,0.304692654,0.150568273,0.582364238,Unif,ok
(5)Parada,Lindoso,HUM,UNBURN,28.9,95,90,0,0,0,0,1,,0,0.15,0.85,0,0.150568273,1.015985294,18.9,195,55,wall,17.9,0.1,0.15,0.75,0.100167421,0.150568273,0.848062079,Unif,ok
(5)Parada,Lindoso,HUM,UNBURN,29.8,65,90,0,0,0,0,1,,0.2,0.2,0.6,0.201357921,0.201357921,0.643501109,19.1,235,30,wall,20.8,0.1,0.1,0.8,0.100167421,0.100167421,0.927295218,Unif,ok
(5)Parada,Lindoso,HUM,UNBURN,30.4,120,0,0,0,0,0,1,,0,0,1,0,0,1.570796327,39.7,430,55,wall,13.1,0,0,1,0,0,1.570796327,Unif,reg
(5)Parada,Lindoso,HUM,UNBURN,30.1,90,90,0,0,0,0,1,,0.1,0.2,0.7,0.100167421,0.201357921,0.775397497,19.3,280,70,wall,15.4,0.05,0.05,0.9,0.050020857,0.050020857,1.119769515,Spot,ok
(5)Parada,Lindoso,HUM,UNBURN,30.1,100,20,0,0,0,0,1,,0.05,0.2,0.75,0.050020857,0.201357921,0.848062079,32,255,10,wall,14.1,0.05,0.2,0.75,0.050020857,0.201357921,0.848062079,Spot,ok
(5)Parada,Lindoso,HUM,UNBURN,30.5,35,10,0,0,1,0,0,60,0.1,0.2,0.7,0.100167421,0.201357921,0.775397497,61.1,195,10,rock,21.7,0.1,0.2,0.7,0.100167421,0.201357921,0.775397497,Unif,ok
(5)Parada,Lindoso,HUM,UNBURN,28.5,110,55,0,0,0,1,0,RM,0.1,0.2,0.7,0.100167421,0.201357921,0.775397497,38.4,230,60,veg,21.4,0.2,0.3,0.5,0.201357921,0.304692654,0.523598776,Spot,reg
(5)Parada,Lindoso,HUM,UNBURN,28.7,105,80,0,0,0,0,1,,0,0.05,0.95,0,0.050020857,1.253235898,31.3,200,30,rock,22.3,0,0.05,0.95,0,0.050020857,1.253235898,Unif,ok
(5)Parada,Lindoso,HUM,UNBURN,27.8,125,10,0,0,0,0,1,,0,0.2,0.8,0,0.201357921,0.927295218,44.6,185,20,rock,39.8,0,0.25,0.75,0,0.252680255,0.848062079,Unif,reg
(5)Parada,Lindoso,HUM,UNBURN,23.7,15,0,0,0,1,0,0,30,0.1,0.3,0.6,0.100167421,0.304692654,0.643501109,34.5,155,10,rock,26.2,0.05,0.2,0.75,0.050020857,0.201357921,0.848062079,Unif,reg
(5)Parada,Lindoso,HUM,UNBURN,22.7,45,30,0,0,0,0,1,,0.1,0.1,0.8,0.100167421,0.100167421,0.927295218,23.5,205,15,rock,15.9,0.1,0.1,0.8,0.100167421,0.100167421,0.927295218,Unif,ok
(5)Parada,Lindoso,HUM,UNBURN,22.7,35,90,0,0,0,0,1,,0.05,0.25,0.7,0.050020857,0.252680255,0.775397497,19.4,150,10,rock,15.1,0.05,0.25,0.7,0.050020857,0.252680255,0.775397497,Unif,reg
(5)Parada,Lindoso,HUM,UNBURN,22.6,55,20,0,0,0,0,1,,0,0.2,0.8,0,0.201357921,0.927295218,48,85,25,rock,15.3,0,0.2,0.8,0,0.201357921,0.927295218,Unif,ok
(5)Parada,Lindoso,HUM,UNBURN,20.8,60,0,0,0,0,0,1,,0.05,0.3,0.65,0.050020857,0.304692654,0.707584437,35.3,205,10,rock,12.4,0.05,0.3,0.65,0.050020857,0.304692654,0.707584437,Spot,reg
(5)Parada,Lindoso,HUM,UNBURN,20.8,80,80,0,0,0,0,1,,0.05,0.3,0.65,0.050020857,0.304692654,0.707584437,28,165,35,rock,25.8,0.05,0.35,0.6,0.050020857,0.357571104,0.643501109,Unif,reg
(5)Parada,Lindoso,HUM,UNBURN,20.8,50,25,0,0,0,0,1,,0.15,0.15,0.7,0.150568273,0.150568273,0.775397497,20.9,145,75,veg,14.5,0.05,0.25,0.7,0.050020857,0.252680255,0.775397497,Spot,reg
(5)Parada,Lindoso,HUM,UNBURN,24.3,50,10,0,0,0,0,1,,0.1,0.25,0.65,0.100167421,0.252680255,0.707584437,47.2,165,20,rock,24.7,0,0.35,0.65,0,0.357571104,0.707584437,Spot,reg
(5)Parada,Lindoso,HUM,UNBURN,24.6,45,40,0,0,0,0,1,,0.2,0.05,0.75,0.201357921,0.050020857,0.848062079,22.5,160,25,rock,15.3,0.2,0.05,0.75,0.201357921,0.050020857,0.848062079,Spot,ok
(5)Parada,Lindoso,HUM,UNBURN,24.8,55,0,0,0,0,0,1,,0,0.15,0.85,0,0.150568273,1.015985294,25.9,150,20,rock,15.4,0,0.2,0.8,0,0.201357921,0.927295218,Unif,ok
(5)Parada,Lindoso,HUM,UNBURN,22.8,35,40,0,0,0,0,1,,0.1,0.15,0.75,0.100167421,0.150568273,0.848062079,37.8,140,30,rock,16.8,0.1,0.15,0.75,0.100167421,0.150568273,0.848062079,Spot,reg
(5)Parada,Lindoso,HUM,UNBURN,21.8,30,20,0,0,1,0,0,40,0.1,0.3,0.6,0.100167421,0.304692654,0.643501109,30.7,160,50,rock,18.7,0,0.2,0.8,0,0.201357921,0.927295218,Unif,ok
(5)Parada,Lindoso,HUM,UNBURN,22.4,65,70,0,0,0,0,1,,0,0.1,0.9,0,0.100167421,1.119769515,28.9,230,15,rock,15.1,0,0.1,0.9,0,0.100167421,1.119769515,Unif,reg
(5)Parada,Lindoso,HUM,UNBURN,22,120,0,0,0,0,0,1,,0,0,1,0,0,1.570796327,29.4,200,35,rock,16.5,0,0.1,0.9,0,0.100167421,1.119769515,Unif,ok
(5)Parada,Lindoso,HUM,UNBURN,21.9,65,70,0,0,0,0,1,,0,0.1,0.9,0,0.100167421,1.119769515,48.1,180,25,rock,17.8,0,0.1,0.9,0,0.100167421,1.119769515,Spot,reg
(5)Parada,Lindoso,HUM,UNBURN,23.9,40,90,0,0,0,0,1,,0,0.3,0.7,0,0.304692654,0.775397497,32.8,185,10,rock,18.6,0,0.3,0.7,0,0.304692654,0.775397497,Unif,reg
(5)Parada,Lindoso,HUM,UNBURN,23.1,50,90,0,0,0,0,1,,0.1,0.1,0.8,0.100167421,0.100167421,0.927295218,47.3,190,35,rock,32,0.2,0.1,0.7,0.201357921,0.100167421,0.775397497,Spot,reg
(5)Parada,Lindoso,HUM,UNBURN,24.2,60,50,0,0,0,0,1,,0.1,0.05,0.85,0.100167421,0.050020857,1.015985294,32.8,170,40,rock,16.4,0.1,0.05,0.85,0.100167421,0.050020857,1.015985294,Spot,ok
(5)Parada,Lindoso,HUM,UNBURN,24,0,0,0,0,1,0,0,60,0.1,0.1,0.8,0.100167421,0.100167421,0.927295218,28.2,270,60,veg,21.3,0.1,0.3,0.6,0.100167421,0.304692654,0.643501109,Unif,ok
(5)Parada,Lindoso,HUM,UNBURN,22.8,45,30,0,0,0,0,1,,0.1,0.1,0.8,0.100167421,0.100167421,0.927295218,47.9,140,30,rock,14.5,0.1,0.1,0.8,0.100167421,0.100167421,0.927295218,Unif,ok
(5)Parada,Lindoso,HUM,UNBURN,23.6,140,75,0,0,0,0,1,,0,0.15,0.85,0,0.150568273,1.015985294,28.1,205,25,rock,20.9,0,0.15,0.85,0,0.150568273,1.015985294,Unif,reg
(5)Parada,Lindoso,HUM,UNBURN,22.2,155,0,0,0,0,0,1,,0,0.1,0.9,0,0.100167421,1.119769515,31.7,180,40,rock,29.9,0,0.1,0.9,0,0.100167421,1.119769515,Spot,ok
(5)Parada,Lindoso,HUM,UNBURN,24.9,50,30,0,0,0,0,1,,0.1,0.1,0.8,0.100167421,0.100167421,0.927295218,32.4,120,20,rock,20.3,0.1,0.1,0.8,0.100167421,0.100167421,0.927295218,Unif,ok
(5)Parada,Lindoso,HUM,UNBURN,23.5,60,10,0,0,0,0,1,,0.2,0.05,0.75,0.201357921,0.050020857,0.848062079,30.2,95,10,rock,18.5,0.2,0.05,0.75,0.201357921,0.050020857,0.848062079,Spot,ok
(5)Parada,Lindoso,HUM,UNBURN,24,45,90,0,0,0,0,1,,0.1,0.3,0.6,0.100167421,0.304692654,0.643501109,27.7,200,40,rock,18.3,0.1,0.3,0.6,0.100167421,0.304692654,0.643501109,Unif,ok
(2)Campo,Geres,NAT,BURN,19,95,60,0,0,1,0,0,300,0,0.4,0.6,0,0.411516846,0.643501109,30,270,60,rock,25.6,0,0.4,0.6,0,0.411516846,0.643501109,Unif,reg
(2)Campo,Geres,NAT,BURN,19,85,80,0,0,1,0,0,200,0,0.4,0.6,0,0.411516846,0.643501109,34.5,260,65,veg,20,0,0.5,0.5,0,0.523598776,0.523598776,Spot,reg
(2)Campo,Geres,NAT,BURN,20,45,50,0,0,1,0,0,150,0,0.5,0.5,0,0.523598776,0.523598776,23,230,45,veg,9.5,0,0.5,0.5,0,0.523598776,0.523598776,Unif,ok
(2)Campo,Geres,NAT,BURN,21.7,60,70,0,0,1,0,0,250,0.05,0.4,0.55,0.050020857,0.411516846,0.582364238,31.8,210,50,veg,15.4,0.2,0.3,0.5,0.201357921,0.304692654,0.523598776,Spot,reg
(2)Campo,Geres,NAT,BURN,21.6,65,50,0,0,1,0,0,120,0.15,0.05,0.8,0.150568273,0.050020857,0.927295218,27.2,395,30,rock,5.4,0.15,0.05,0.8,0.150568273,0.050020857,0.927295218,Unif,ok
(2)Campo,Geres,NAT,BURN,24.6,35,45,0,0,1,0,0,250,0,0.5,0.5,0,0.523598776,0.523598776,21.5,210,60,veg,5,0.3,0.3,0.4,0.304692654,0.304692654,0.411516846,Spot,reg
(2)Campo,Geres,NAT,BURN,24,50,60,0,0,1,0,0,80,0.15,0.3,0.55,0.150568273,0.304692654,0.582364238,34,250,50,veg,9.5,0.05,0.25,0.7,0.050020857,0.252680255,0.775397497,Unif,reg
(2)Campo,Geres,NAT,BURN,22.6,190,25,0,0,1,0,0,130,0,0,1,0,0,1.570796327,14.8,450,130,rock,1.2,0,0,1,0,0,1.570796327,Unif,reg
(2)Campo,Geres,NAT,BURN,23.8,35,75,0,0,1,0,0,220,0.12,0.03,0.85,0.120289882,0.030004502,1.015985294,25.2,200,50,rock,14.4,0,0,1,0,0,1.570796327,Spot,reg
(2)Campo,Geres,NAT,BURN,22.6,0,15,0,0,0,1,0,RM,0.25,0.1,0.65,0.252680255,0.100167421,0.707584437,22.7,290,15,rock,13.4,0.25,0.1,0.65,0.252680255,0.100167421,0.707584437,Unif,reg
(2)Campo,Geres,NAT,BURN,23.8,0,0,0,0,0,1,0,RM,0,0,1,0,0,1.570796327,22.2,210,70,rock,8.2,0,0,1,0,0,1.570796327,Unif,reg
(2)Campo,Geres,NAT,BURN,24.6,60,45,0,0,1,0,0,60,0,0.6,0.4,0,0.643501109,0.411516846,23.2,355,60,veg,9.4,0,0.7,0.3,0,0.775397497,0.304692654,Spot,reg
(2)Campo,Geres,NAT,BURN,25,25,60,0,0,0,1,0,RM,0.05,0.25,0.7,0.050020857,0.252680255,0.775397497,15.8,290,30,rock,13.6,0.05,0.25,0.7,0.050020857,0.252680255,0.775397497,Unif,reg
(2)Campo,Geres,NAT,BURN,25.4,15,10,0,0,1,0,0,150,0.4,0.2,0.4,0.411516846,0.201357921,0.411516846,30,130,85,veg,15.5,0.2,0.2,0.6,0.201357921,0.201357921,0.643501109,Spot,reg
(2)Campo,Geres,NAT,BURN,26,0,10,0,0,0,1,0,RM,0.05,0.15,0.8,0.050020857,0.150568273,0.927295218,18.8,420,100,rock,23.7,0,0.2,0.8,0,0.201357921,0.927295218,Unif,ok
(2)Campo,Geres,NAT,BURN,23.1,0,0,1,0,0,0,0,,0.15,0.85,0,0.150568273,1.015985294,0,36.8,170,120,veg,20.4,0.05,0.95,0,0.050020857,1.253235898,0,Unif,reg
(2)Campo,Geres,NAT,BURN,22.7,30,0,0,0,1,0,0,30,0.75,0.15,0.1,0.848062079,0.150568273,0.100167421,26.4,210,130,rock,2.6,0.3,0.1,0.6,0.304692654,0.100167421,0.643501109,Spot,reg
(2)Campo,Geres,NAT,BURN,24.6,25,30,0,0,0,1,0,RM,0.2,0.1,0.7,0.201357921,0.100167421,0.775397497,25.8,310,130,rock,32.6,0.1,0.1,0.8,0.100167421,0.100167421,0.927295218,Spot,reg
(2)Campo,Geres,NAT,BURN,25.9,10,10,0,0,1,0,0,100,0.5,0.2,0.3,0.523598776,0.201357921,0.304692654,30.8,280,100,veg,5.3,0,0.5,0.5,0,0.523598776,0.523598776,Unif,reg
(2)Campo,Geres,NAT,BURN,24.6,70,50,0,0,1,0,0,100,0.1,0.15,0.75,0.100167421,0.150568273,0.848062079,28.8,420,100,rock,4.2,0.05,0.05,0.9,0.050020857,0.050020857,1.119769515,Spot,ok
(2)Campo,Geres,NAT,BURN,24.1,20,0,0,0,1,0,0,80,0,0.15,0.85,0,0.150568273,1.015985294,34.7,330,70,rock,13.8,0,0.15,0.85,0,0.150568273,1.015985294,Spot,reg
(2)Campo,Geres,NAT,BURN,22.8,0,0,0,0,0,1,0,RM,0,0.15,0.85,0,0.150568273,1.015985294,23.5,175,140,rock,23.4,0,0.2,0.8,0,0.201357921,0.927295218,Unif,reg
(2)Campo,Geres,NAT,BURN,24.9,30,85,0,0,0,1,0,RM,0.05,0.25,0.7,0.050020857,0.252680255,0.775397497,5.4,420,10,rock,22.2,0.05,0.25,0.7,0.050020857,0.252680255,0.775397497,Unif,ok
(2)Campo,Geres,NAT,BURN,25.7,30,90,0,0,0,1,0,RM,0,0.05,0.95,0,0.050020857,1.253235898,34.8,390,90,veg,17.3,0,0.15,0.85,0,0.150568273,1.015985294,Unif,reg
(2)Campo,Geres,NAT,BURN,24.8,80,45,0,0,0,1,0,RM,0,0.05,0.95,0,0.050020857,1.253235898,43.8,360,100,rock,14.6,0,0.05,0.95,0,0.050020857,1.253235898,Unif,reg
(2)Campo,Geres,NAT,BURN,25.6,30,0,0,0,1,0,0,50,0,0.1,0.9,0,0.100167421,1.119769515,48.8,250,60,veg,25.5,0,0.5,0.5,0,0.523598776,0.523598776,Spot,ok
(2)Campo,Geres,NAT,BURN,26.7,50,5,0,0,1,0,0,80,0.2,0.2,0.6,0.201357921,0.201357921,0.643501109,19.7,190,60,veg,11.7,0,0.3,0.7,0,0.304692654,0.775397497,Unif,ok
(2)Campo,Geres,NAT,BURN,25.5,20,70,0,0,0,1,0,RM,0.1,0.3,0.6,0.100167421,0.304692654,0.643501109,29.6,200,40,rock,30.9,0.1,0.2,0.7,0.100167421,0.201357921,0.775397497,Unif,reg
(2)Campo,Geres,NAT,BURN,24.2,20,15,0,0,0,1,0,RM,0.1,0.15,0.75,0.100167421,0.150568273,0.848062079,29.4,260,120,veg,34.9,0.1,0.3,0.6,0.100167421,0.304692654,0.643501109,Unif,reg
(2)Campo,Geres,NAT,BURN,25.7,70,90,0,0,0,1,0,RM,0.25,0.25,0.5,0.252680255,0.252680255,0.523598776,37.1,275,60,veg,17.7,0,0.5,0.5,0,0.523598776,0.523598776,Unif,reg
(2)Campo,Geres,NAT,BURN,27.8,0,45,0,0,0,1,0,RM,0.05,0.2,0.75,0.050020857,0.201357921,0.848062079,44.4,100,170,veg,33.3,0,0.4,0.6,0,0.411516846,0.643501109,Unif,reg
(2)Campo,Geres,NAT,BURN,27.1,65,70,0,0,0,1,0,RM,0,0.5,0.5,0,0.523598776,0.523598776,17.8,250,180,rock,7,0.1,0.3,0.6,0.100167421,0.304692654,0.643501109,Unif,reg
(2)Campo,Geres,NAT,BURN,27.1,100,50,0,0,0,1,0,RM,0,0.1,0.9,0,0.100167421,1.119769515,39.7,230,40,rock,9.4,0,0.2,0.8,0,0.201357921,0.927295218,Unif,ok
(2)Campo,Geres,NAT,BURN,22.1,50,5,0,0,1,0,0,60,0.05,0.15,0.8,0.050020857,0.150568273,0.927295218,50.3,300,40,veg,28.3,0,0.2,0.8,0,0.201357921,0.927295218,Unif,reg
(2)Campo,Geres,NAT,BURN,27.5,45,85,0,0,1,0,0,200,0,0.3,0.7,0,0.304692654,0.775397497,36.5,265,15,rock,28.7,0,0.3,0.7,0,0.304692654,0.775397497,Unif,ok
(2)Campo,Geres,NAT,BURN,25.5,0,15,0,0,0,1,0,RM,0,0.2,0.8,0,0.201357921,0.927295218,37.2,325,55,rock,24.4,0,0.2,0.8,0,0.201357921,0.927295218,Unif,ok
(2)Campo,Geres,NAT,BURN,26.3,50,30,0,0,1,0,0,200,0.1,0.15,0.75,0.100167421,0.150568273,0.848062079,39.4,185,75,veg,5.4,0.1,0.15,0.75,0.100167421,0.150568273,0.848062079,Unif,ok
(2)Campo,Geres,NAT,BURN,25,25,25,0,0,1,0,0,40,0.35,0.35,0.3,0.357571104,0.357571104,0.304692654,44.1,255,110,veg,20.8,0.2,0.3,0.5,0.201357921,0.304692654,0.523598776,Unif,reg
(2)Campo,Geres,NAT,BURN,27.6,50,90,0,0,0,1,0,RM,0,0.5,0.5,0,0.523598776,0.523598776,20.8,275,85,rock,22.2,0,0.5,0.5,0,0.523598776,0.523598776,Unif,ok
(2)Campo,Geres,NAT,BURN,27.6,30,70,0,0,1,0,0,100,0,0.3,0.7,0,0.304692654,0.775397497,30.3,210,65,rock,12.8,0.05,0.3,0.65,0.050020857,0.304692654,0.707584437,Unif,ok
(2)Campo,Geres,NAT,BURN,27.8,0,0,1,0,0,0,0,,0.4,0.3,0.3,0.411516846,0.304692654,0.304692654,43.3,200,140,rock,43.4,0.4,0.3,0.3,0.411516846,0.304692654,0.304692654,Unif,reg
(2)Campo,Geres,NAT,BURN,29.2,50,85,0,0,0,1,0,RM,0,0.7,0.3,0,0.775397497,0.304692654,25,140,75,rock,34.2,0,0.2,0.8,0,0.201357921,0.927295218,Spot,reg
(2)Campo,Geres,NAT,BURN,29.5,125,80,0,0,0,1,0,RM,0,0,1,0,0,1.570796327,31.8,420,15,rock,15.6,0,0,1,0,0,1.570796327,Spot,reg
(2)Campo,Geres,NAT,BURN,25.6,10,0,0,0,1,0,0,30,0.2,0.5,0.3,0.201357921,0.523598776,0.304692654,16.7,200,70,veg,20.2,0.05,0.45,0.5,0.050020857,0.466765339,0.523598776,Unif,reg
(2)Campo,Geres,NAT,BURN,26.8,40,90,0,0,0,1,0,RM,0.25,0.25,0.5,0.252680255,0.252680255,0.523598776,33.9,460,120,veg,23.4,0.1,0.4,0.5,0.100167421,0.411516846,0.523598776,Unif,ok
(2)Campo,Geres,NAT,BURN,25.3,65,0,0,0,1,0,0,300,0,0.1,0.9,0,0.100167421,1.119769515,24.4,210,40,rock,20.2,0.1,0.4,0.5,0.100167421,0.411516846,0.523598776,Unif,ok
(2)Campo,Geres,NAT,BURN,26.1,40,0,0,0,1,0,0,80,0.3,0.2,0.5,0.304692654,0.201357921,0.523598776,44.3,610,50,rock,12.8,0.4,0.4,0.2,0.411516846,0.411516846,0.201357921,Unif,reg
(2)Campo,Geres,NAT,BURN,26.2,70,0,0,0,0,1,0,RM,0.1,0.05,0.85,0.100167421,0.050020857,1.015985294,42.3,430,75,rock,24.4,0.1,0.05,0.85,0.100167421,0.050020857,1.015985294,Unif,reg
(2)Campo,Geres,NAT,BURN,25.3,60,0,0,0,1,0,0,60,0.1,0.2,0.7,0.100167421,0.201357921,0.775397497,49.8,280,85,rock,28.5,0.2,0.25,0.55,0.201357921,0.252680255,0.582364238,Spot,ok
(2)Campo,Geres,NAT,BURN,25.2,0,30,0,0,1,0,0,40,0.4,0.2,0.4,0.411516846,0.201357921,0.411516846,36.3,210,100,rock,11,0.1,0.15,0.75,0.100167421,0.150568273,0.848062079,Spot,reg
(2)Campo,Geres,NAT,BURN,25.7,0,0,1,0,0,0,0,,0.4,0.2,0.4,0.411516846,0.201357921,0.411516846,21.4,245,200,rock,40,0.4,0,0.6,0.411516846,0,0.643501109,Unif,reg
(1)Leonte,Geres,NAT,UNBURN,20.6,60,90,0,0,0,1,0,RM,0.15,0.35,0.5,0.150568273,0.357571104,0.523598776,27.3,290,70,rock,32.2,0.15,0.35,0.5,0.150568273,0.357571104,0.523598776,Unif,reg
(1)Leonte,Geres,NAT,UNBURN,22.8,140,60,0,0,0,1,0,RM,0,0.3,0.7,0,0.304692654,0.775397497,29.4,375,110,veg,40.9,0,0.5,0.5,0,0.523598776,0.523598776,Unif,reg
(1)Leonte,Geres,NAT,UNBURN,22.9,65,0,0,0,1,0,0,70,0.1,0.2,0.7,0.100167421,0.201357921,0.775397497,26.7,410,70,rock,20.3,0.1,0.2,0.7,0.100167421,0.201357921,0.775397497,Spot,reg
(1)Leonte,Geres,NAT,UNBURN,22.6,0,70,0,0,0,1,0,RM,0,0.15,0.85,0,0.150568273,1.015985294,27.8,600,190,veg,11.3,0.1,0.4,0.5,0.100167421,0.411516846,0.523598776,Spot,ok
(1)Leonte,Geres,NAT,UNBURN,24.8,55,30,0,0,1,0,0,50,0.1,0.3,0.6,0.100167421,0.304692654,0.643501109,22.2,140,45,veg,13.3,0.1,0.3,0.6,0.100167421,0.304692654,0.643501109,Unif,ok
(1)Leonte,Geres,NAT,UNBURN,23.3,70,40,0,0,0,0,1,,0.1,0.2,0.7,0.100167421,0.201357921,0.775397497,44.8,160,40,wall,21.7,0,0.3,0.7,0,0.304692654,0.775397497,Spot,ok
(1)Leonte,Geres,NAT,UNBURN,22.6,80,70,0,0,1,0,0,150,0,0.5,0.5,0,0.523598776,0.523598776,45.8,215,50,veg,17,0,0.5,0.5,0,0.523598776,0.523598776,Unif,ok
(1)Leonte,Geres,NAT,UNBURN,24.2,20,10,0,0,0,1,0,RM,0.2,0.3,0.5,0.201357921,0.304692654,0.523598776,45.2,260,65,veg,19,0.1,0.5,0.4,0.100167421,0.523598776,0.411516846,Spot,reg
(1)Leonte,Geres,NAT,UNBURN,26.2,200,20,0,0,0,1,0,RM,0,0,1,0,0,1.570796327,30,370,80,rock,12.4,0,0.05,0.95,0,0.050020857,1.253235898,Unif,reg
(1)Leonte,Geres,NAT,UNBURN,25,0,75,0,0,0,1,0,RM,0,0,1,0,0,1.570796327,32.4,340,190,veg,18.4,0.25,0.35,0.4,0.252680255,0.357571104,0.411516846,Spot,reg
(1)Leonte,Geres,NAT,UNBURN,22.8,0,10,0,0,0,1,0,RM,0.05,0.1,0.85,0.050020857,0.100167421,1.015985294,40.9,440,230,rock,21,0.1,0.3,0.6,0.100167421,0.304692654,0.643501109,Spot,reg
(1)Leonte,Geres,NAT,UNBURN,24.5,0,10,0,0,0,1,0,RM,0.1,0.25,0.65,0.100167421,0.252680255,0.707584437,32.8,210,85,rock,12.5,0.25,0.25,0.5,0.252680255,0.252680255,0.523598776,Unif,ok
(1)Leonte,Geres,NAT,UNBURN,25,0,0,1,0,0,0,0,,0.4,0.1,0.5,0.411516846,0.100167421,0.523598776,50.3,440,230,rock,23.6,0.25,0.25,0.5,0.252680255,0.252680255,0.523598776,Unif,ok
(1)Leonte,Geres,NAT,UNBURN,24.8,0,5,0,0,0,1,0,RM,0.1,0.1,0.8,0.100167421,0.100167421,0.927295218,28.3,310,150,rock,16.8,0.2,0.15,0.65,0.201357921,0.150568273,0.707584437,Spot,reg
(1)Leonte,Geres,NAT,UNBURN,26.8,45,45,0,0,1,0,0,100,0,0.4,0.6,0,0.411516846,0.643501109,30.7,150,90,rock,26.8,0,0.5,0.5,0,0.523598776,0.523598776,Spot,ok
(1)Leonte,Geres,NAT,UNBURN,26.3,25,80,0,0,0,1,0,RM,0.05,0.2,0.75,0.050020857,0.201357921,0.848062079,28.1,250,160,rock,36.5,0,0.2,0.8,0,0.201357921,0.927295218,Unif,ok
(1)Leonte,Geres,NAT,UNBURN,27.5,20,0,0,1,0,0,0,,0,0.7,0.3,0,0.775397497,0.304692654,31.3,240,15,veg,29.4,0,0.85,0.15,0,1.015985294,0.150568273,Spot,reg
(1)Leonte,Geres,NAT,UNBURN,25.6,0,15,0,0,0,1,0,RM,0.1,0.2,0.7,0.100167421,0.201357921,0.775397497,53.2,355,130,veg,33.2,0.1,0.4,0.5,0.100167421,0.411516846,0.523598776,Unif,ok
(1)Leonte,Geres,NAT,UNBURN,27.2,50,80,0,0,0,1,0,RM,0.1,0.05,0.85,0.100167421,0.050020857,1.015985294,29.8,290,50,veg,30.2,0.2,0.05,0.75,0.201357921,0.050020857,0.848062079,Spot,ok
(1)Leonte,Geres,NAT,UNBURN,27.7,0,0,1,0,0,0,0,,0.35,0.15,0.5,0.357571104,0.150568273,0.523598776,58.8,250,80,rock,16.8,0.4,0.2,0.4,0.411516846,0.201357921,0.411516846,Unif,reg
(1)Leonte,Geres,NAT,UNBURN,26.5,115,85,0,0,0,1,0,RM,0,0.15,0.85,0,0.150568273,1.015985294,30.8,230,50,veg,22.4,0,0.15,0.85,0,0.150568273,1.015985294,Spot,reg
(1)Leonte,Geres,NAT,UNBURN,29.6,65,85,0,0,1,0,0,200,0,0.2,0.8,0,0.201357921,0.927295218,23.8,265,110,rock,16.6,0.1,0.3,0.6,0.100167421,0.304692654,0.643501109,Spot,reg
(1)Leonte,Geres,NAT,UNBURN,30,80,90,0,0,1,0,0,300,0.05,0.05,0.9,0.050020857,0.050020857,1.119769515,19.4,220,120,rock,15.4,0,0.05,0.95,0,0.050020857,1.253235898,Spot,reg
(1)Leonte,Geres,NAT,UNBURN,26,55,90,0,0,1,0,0,150,0.3,0.1,0.6,0.304692654,0.100167421,0.643501109,41.2,280,50,rock,44.8,0,0.3,0.7,0,0.304692654,0.775397497,Spot,ok
(1)Leonte,Geres,NAT,UNBURN,32.1,0,60,0,0,0,1,0,RM,0,0,1,0,0,1.570796327,36.7,250,50,rock,21.6,0,0,1,0,0,1.570796327,Spot,ok
(1)Leonte,Geres,NAT,UNBURN,28.6,0,20,0,0,0,1,0,RM,0.2,0.4,0.4,0.201357921,0.411516846,0.411516846,43.8,300,70,veg,33,0.1,0.6,0.3,0.100167421,0.643501109,0.304692654,Unif,ok
(1)Leonte,Geres,NAT,UNBURN,28.6,0,0,0,0,0,1,0,RM,0.05,0.35,0.6,0.050020857,0.357571104,0.643501109,50,280,80,veg,23.2,0.1,0.45,0.45,0.100167421,0.466765339,0.466765339,Unif,reg
(1)Leonte,Geres,NAT,UNBURN,26.9,0,30,1,0,0,0,0,,0.45,0.45,0.1,0.466765339,0.466765339,0.100167421,30.3,210,130,veg,19.1,0.45,0.45,0.1,0.466765339,0.466765339,0.100167421,Spot,reg
(1)Leonte,Geres,NAT,UNBURN,26.2,25,90,0,0,1,0,0,40,0.1,0.4,0.5,0.100167421,0.411516846,0.523598776,38.3,275,60,rock,53.6,0.1,0.3,0.6,0.100167421,0.304692654,0.643501109,Spot,reg
(1)Leonte,Geres,NAT,UNBURN,26.3,0,0,1,0,0,0,0,,0.2,0.2,0.6,0.201357921,0.201357921,0.643501109,44.4,215,90,veg,22.2,0.2,0.2,0.6,0.201357921,0.201357921,0.643501109,Unif,reg
(1)Leonte,Geres,NAT,UNBURN,26,0,10,0,0,0,1,0,RM,0.25,0.55,0.2,0.252680255,0.582364238,0.201357921,31.9,190,160,rock,39.9,0.05,0.1,0.85,0.050020857,0.100167421,1.015985294,Unif,reg
(1)Leonte,Geres,NAT,UNBURN,25.3,0,0,1,0,0,0,0,,0.5,0.2,0.3,0.523598776,0.201357921,0.304692654,46.5,230,80,veg,29.7,0.2,0.7,0.1,0.201357921,0.775397497,0.100167421,Spot,reg
(1)Leonte,Geres,NAT,UNBURN,25.2,0,0,0,0,0,1,0,RM,0,0.5,0.5,0,0.523598776,0.523598776,36.8,370,40,veg,49.3,0,0.6,0.4,0,0.643501109,0.411516846,Spot,reg
(1)Leonte,Geres,NAT,UNBURN,23.3,90,85,0,0,1,0,0,110,0.1,0,0.9,0.100167421,0,1.119769515,37.6,325,85,rock,51.4,0,0,1,0,0,1.570796327,Unif,ok
(1)Leonte,Geres,NAT,UNBURN,29.1,50,0,0,0,1,0,0,70,0.3,0,0.7,0.304692654,0,0.775397497,45,230,110,rock,24.8,0.3,0.1,0.6,0.304692654,0.100167421,0.643501109,Unif,reg
(1)Leonte,Geres,NAT,UNBURN,31.6,45,60,0,0,1,0,0,100,0.1,0.2,0.7,0.100167421,0.201357921,0.775397497,40.1,300,10,rock,33.2,0.1,0.2,0.7,0.100167421,0.201357921,0.775397497,Spot,reg
(1)Leonte,Geres,NAT,UNBURN,26.8,95,80,0,0,1,0,0,130,0,0.3,0.7,0,0.304692654,0.775397497,34.2,350,60,rock,13.3,0,0.4,0.6,0,0.411516846,0.643501109,Unif,reg
(1)Leonte,Geres,NAT,UNBURN,27.8,40,30,0,0,1,0,0,160,0,0.35,0.65,0,0.357571104,0.707584437,43.8,165,65,rock,44.6,0,0.2,0.8,0,0.201357921,0.927295218,Spot,reg
(1)Leonte,Geres,NAT,UNBURN,23.7,40,90,0,0,1,0,0,170,0.1,0.2,0.7,0.100167421,0.201357921,0.775397497,23.7,260,120,rock,10.7,0.1,0.15,0.75,0.100167421,0.150568273,0.848062079,Unif,reg
(1)Leonte,Geres,NAT,UNBURN,24.5,20,80,0,0,1,0,0,30,0.1,0.6,0.3,0.100167421,0.643501109,0.304692654,40.9,190,80,veg,19.6,0,0.6,0.4,0,0.643501109,0.411516846,Spot,reg
(1)Leonte,Geres,NAT,UNBURN,21.7,0,40,0,0,0,1,0,RM,0.1,0.5,0.4,0.100167421,0.523598776,0.411516846,47.6,230,60,veg,29.7,0.1,0.45,0.45,0.100167421,0.466765339,0.466765339,Unif,reg
(1)Leonte,Geres,NAT,UNBURN,19.7,75,40,0,0,1,0,0,80,0,0.5,0.5,0,0.523598776,0.523598776,29.7,240,90,rock,218,0,0.2,0.8,0,0.201357921,0.927295218,Spot,ok
(1)Leonte,Geres,NAT,UNBURN,22.4,20,5,0,0,1,0,0,30,0.2,0.2,0.6,0.201357921,0.201357921,0.643501109,38.3,215,85,rock,23.3,0,0.6,0.4,0,0.643501109,0.411516846,Spot,ok
(1)Leonte,Geres,NAT,UNBURN,26.3,50,30,0,0,1,0,0,100,0,0.3,0.7,0,0.304692654,0.775397497,27.4,230,50,rock,21.2,0,0.3,0.7,0,0.304692654,0.775397497,Unif,reg
(1)Leonte,Geres,NAT,UNBURN,27.5,0,20,0,0,0,1,0,RM,0,0.1,0.9,0,0.100167421,1.119769515,35.3,190,75,veg,26.8,0,0.2,0.8,0,0.201357921,0.927295218,Spot,ok
(1)Leonte,Geres,NAT,UNBURN,23.4,0,15,0,0,0,1,0,RM,0,0.15,0.85,0,0.150568273,1.015985294,28.6,240,110,veg,21.6,0,0.5,0.5,0,0.523598776,0.523598776,Unif,reg
(1)Leonte,Geres,NAT,UNBURN,26.4,0,20,0,0,0,1,0,RM,0,0.2,0.8,0,0.201357921,0.927295218,34.1,260,60,rock,23.7,0,0.2,0.8,0,0.201357921,0.927295218,Unif,reg
(1)Leonte,Geres,NAT,UNBURN,25,30,90,0,1,0,0,0,,0,0.6,0.4,0,0.643501109,0.411516846,27,230,45,rock,29.6,0,0.5,0.5,0,0.523598776,0.523598776,Spot,ok
(1)Leonte,Geres,NAT,UNBURN,23.2,0,0,0,0,1,0,0,20,0.1,0.2,0.7,0.100167421,0.201357921,0.775397497,41.9,160,10,rock,31.4,0.1,0.2,0.7,0.100167421,0.201357921,0.775397497,Spot,ok
(4)Luilhas,Lanhoso,NAT,BURN,,40,30,0,0,1,0,0,200,0,0.2,0.8,0,0.201357921,0.927295218,22,200,15,rock,12,0,0.2,0.8,0,0.201357921,0.927295218,Spot,reg
(4)Luilhas,Lanhoso,NAT,BURN,,0,5,0,0,1,0,0,200,0,0.35,0.65,0,0.357571104,0.707584437,34.5,100,160,rock,16,0,0.1,0.9,0,0.100167421,1.119769515,Spot,reg
(4)Luilhas,Lanhoso,NAT,BURN,,10,20,0,0,1,0,0,60,0,0.5,0.5,0,0.523598776,0.523598776,36,320,30,veg,21.5,0,0.5,0.5,0,0.523598776,0.523598776,Spot,reg
(4)Luilhas,Lanhoso,NAT,BURN,,40,10,0,0,1,0,0,200,0,0.4,0.6,0,0.411516846,0.643501109,34,280,40,rock,34,0,0.4,0.6,0,0.411516846,0.643501109,Unif,ok
(4)Luilhas,Lanhoso,NAT,BURN,,0,10,0,0,1,0,0,200,0,0.4,0.6,0,0.411516846,0.643501109,39,150,20,rock,23,0,0.4,0.6,0,0.411516846,0.643501109,Spot,ok
(4)Luilhas,Lanhoso,NAT,BURN,,50,10,0,0,1,0,0,200,0.2,0.4,0.4,0.201357921,0.411516846,0.411516846,38.5,200,130,veg,17.5,0,0.5,0.5,0,0.523598776,0.523598776,Spot,reg
(4)Luilhas,Lanhoso,NAT,BURN,,90,5,0,0,1,0,0,200,0,0.1,0.9,0,0.100167421,1.119769515,48,250,50,rock,40,0,0.1,0.9,0,0.100167421,1.119769515,Unif,reg
(4)Luilhas,Lanhoso,NAT,BURN,,40,10,0,0,1,0,0,200,0,0.3,0.7,0,0.304692654,0.775397497,47.5,210,25,rock,20,0,0.3,0.7,0,0.304692654,0.775397497,Spot,reg
(4)Luilhas,Lanhoso,NAT,BURN,,20,0,0,0,1,0,0,200,0,0.5,0.5,0,0.523598776,0.523598776,40,250,40,veg,16,0,0.5,0.5,0,0.523598776,0.523598776,Spot,reg
(4)Luilhas,Lanhoso,NAT,BURN,,35,10,0,0,1,0,0,100,0,0.05,0.95,0,0.050020857,1.253235898,43,300,35,rock,20,0,0.05,0.95,0,0.050020857,1.253235898,Spot,reg
(4)Luilhas,Lanhoso,NAT,BURN,,15,0,0,0,0,1,0,RM,0,0.5,0.5,0,0.523598776,0.523598776,42,90,300,veg,22,0.1,0.7,0.2,0.100167421,0.775397497,0.201357921,Unif,ok
(4)Luilhas,Lanhoso,NAT,BURN,,100,80,0,0,0,1,0,RM,0,0,1,0,0,1.570796327,36,190,140,veg,25,0.05,0.45,0.5,0.050020857,0.466765339,0.523598776,Spot,reg
(4)Luilhas,Lanhoso,NAT,BURN,,10,30,0,0,1,0,0,20,0.45,0.5,0.05,0.466765339,0.523598776,0.050020857,35.5,175,85,veg,15,0.15,0.8,0.05,0.150568273,0.927295218,0.050020857,Spot,reg
(4)Luilhas,Lanhoso,NAT,BURN,,70,60,0,0,0,1,0,RM,0,0.1,0.9,0,0.100167421,1.119769515,33.5,350,90,rock,10,0,0.3,0.7,0,0.304692654,0.775397497,Spot,reg
(4)Luilhas,Lanhoso,NAT,BURN,,130,0,0,0,0,1,0,RM,0,0.1,0.9,0,0.100167421,1.119769515,32,200,50,rock,10,0,0.1,0.9,0,0.100167421,1.119769515,Spot,ok
(4)Luilhas,Lanhoso,NAT,BURN,,45,0,0,0,1,0,0,150,0,0.5,0.5,0,0.523598776,0.523598776,35,190,70,veg,20,0,0.7,0.3,0,0.775397497,0.304692654,Spot,ok
(4)Luilhas,Lanhoso,NAT,BURN,,90,30,0,0,1,0,0,170,0,0.2,0.8,0,0.201357921,0.927295218,37,230,130,rock,37,0,0.2,0.8,0,0.201357921,0.927295218,Unif,reg
(4)Luilhas,Lanhoso,NAT,BURN,,30,45,0,0,1,0,0,70,0,0.55,0.45,0,0.582364238,0.466765339,36,150,70,rock,36,0,0.55,0.45,0,0.582364238,0.466765339,Spot,reg
(4)Luilhas,Lanhoso,NAT,BURN,,65,50,0,0,1,0,0,150,0,0.5,0.5,0,0.523598776,0.523598776,44,280,45,rock,32,0,0.4,0.6,0,0.411516846,0.643501109,Spot,reg
(4)Luilhas,Lanhoso,NAT,BURN,,0,5,0,0,0,1,0,RM,0.4,0.1,0.5,0.411516846,0.100167421,0.523598776,28.5,360,130,veg,18,0,0.4,0.6,0,0.411516846,0.643501109,Spot,reg
(4)Luilhas,Lanhoso,NAT,BURN,,30,0,0,0,0,0,1,,0,0.5,0.5,0,0.523598776,0.523598776,40,185,100,veg,20,0,0.7,0.3,0,0.775397497,0.304692654,Unif,ok
(4)Luilhas,Lanhoso,NAT,BURN,,65,50,0,0,1,0,0,300,0,0.5,0.5,0,0.523598776,0.523598776,43,180,30,rock,43,0,0.5,0.5,0,0.523598776,0.523598776,Unif,reg
(4)Luilhas,Lanhoso,NAT,BURN,,30,40,0,0,1,0,0,300,0,0.4,0.6,0,0.411516846,0.643501109,36,230,110,veg,20,0,0.5,0.5,0,0.523598776,0.523598776,Unif,reg
(4)Luilhas,Lanhoso,NAT,BURN,,0,5,0,0,0,1,0,RM,0,0.05,0.95,0,0.050020857,1.253235898,43,180,60,rock,16,0,0.05,0.95,0,0.050020857,1.253235898,Unif,reg
(4)Luilhas,Lanhoso,NAT,BURN,,50,20,0,0,1,0,0,110,0,0.4,0.6,0,0.411516846,0.643501109,46,120,110,rock,46,0,0.5,0.5,0,0.523598776,0.523598776,Spot,ok
(4)Luilhas,Lanhoso,NAT,BURN,,15,20,0,0,1,0,0,85,0,0.25,0.75,0,0.252680255,0.848062079,40,260,30,rock,15,0,0.25,0.75,0,0.252680255,0.848062079,Spot,reg
(4)Luilhas,Lanhoso,NAT,BURN,,0,0,0,0,0,1,0,RM,0,0.2,0.8,0,0.201357921,0.927295218,31,250,230,rock,11,0,0.1,0.9,0,0.100167421,1.119769515,Unif,reg
(4)Luilhas,Lanhoso,NAT,BURN,,20,0,0,0,0,1,0,RM,0,0.2,0.8,0,0.201357921,0.927295218,32,210,80,rock,22,0,0.05,0.95,0,0.050020857,1.253235898,Unif,ok
(4)Luilhas,Lanhoso,NAT,BURN,,5,0,0,0,1,0,0,20,0,0.6,0.4,0,0.643501109,0.411516846,43,120,5,rock,37,0,0.6,0.4,0,0.643501109,0.411516846,Unif,reg
(4)Luilhas,Lanhoso,NAT,BURN,,50,80,0,0,0,1,0,RM,0,0.45,0.55,0,0.466765339,0.582364238,42,145,50,veg,20,0,0.55,0.45,0,0.582364238,0.466765339,Unif,reg
(4)Luilhas,Lanhoso,NAT,BURN,16.1,160,80,0,0,0,1,0,RM,0,0,1,0,0,1.570796327,35.5,180,60,rock,25.5,0,0,1,0,0,1.570796327,Spot,ok
(4)Luilhas,Lanhoso,NAT,BURN,16,0,0,1,0,0,0,0,,0.8,0,0.2,0.927295218,0,0.201357921,36.5,115,135,veg,6.5,0.5,0.4,0.1,0.523598776,0.411516846,0.100167421,Unif,reg
(4)Luilhas,Lanhoso,NAT,BURN,14.2,15,30,0,0,1,0,0,40,0.1,0.6,0.3,0.100167421,0.643501109,0.304692654,6.5,250,35,rock,3.5,0,0.4,0.6,0,0.411516846,0.643501109,Spot,ok
(4)Luilhas,Lanhoso,NAT,BURN,15.5,20,90,0,0,1,0,0,80,0,0.4,0.6,0,0.411516846,0.643501109,20,240,40,veg,6.5,0,0.6,0.4,0,0.643501109,0.411516846,Unif,ok
(4)Luilhas,Lanhoso,NAT,BURN,17.3,0,20,0,0,0,1,0,RM,0,0,1,0,0,1.570796327,19.6,445,150,rock,25.1,0,0.4,0.6,0,0.411516846,0.643501109,Unif,reg
(4)Luilhas,Lanhoso,NAT,BURN,15.8,25,90,0,0,1,0,0,160,0,0.6,0.4,0,0.643501109,0.411516846,24.4,190,160,rock,35.2,0,0.6,0.4,0,0.643501109,0.411516846,Unif,reg
(4)Luilhas,Lanhoso,NAT,BURN,18.4,75,0,0,0,1,0,0,150,0,0.4,0.6,0,0.411516846,0.643501109,34.3,165,10,rock,21.6,0,0.1,0.9,0,0.100167421,1.119769515,Spot,ok
(4)Luilhas,Lanhoso,NAT,BURN,15.7,15,0,0,0,1,0,0,20,0,0.4,0.6,0,0.411516846,0.643501109,20.6,265,25,veg,3.7,0,0.4,0.6,0,0.411516846,0.643501109,Unif,reg
(4)Luilhas,Lanhoso,NAT,BURN,16.2,25,0,0,0,1,0,0,70,0,0.7,0.3,0,0.775397497,0.304692654,36.9,265,25,veg,23.3,0,0.7,0.3,0,0.775397497,0.304692654,Unif,reg
(4)Luilhas,Lanhoso,NAT,BURN,14.8,35,0,0,0,1,0,0,75,0,0.7,0.3,0,0.775397497,0.304692654,31.7,365,75,veg,17.5,0,0.4,0.6,0,0.411516846,0.643501109,Spot,ok
(4)Luilhas,Lanhoso,NAT,BURN,15.8,0,0,0,0,0,1,0,RM,0,0.2,0.8,0,0.201357921,0.927295218,36.6,245,5,rock,16.9,0,0.2,0.8,0,0.201357921,0.927295218,Spot,reg
(4)Luilhas,Lanhoso,NAT,BURN,14.5,15,60,0,0,1,0,0,250,0,0.5,0.5,0,0.523598776,0.523598776,36.7,310,10,veg,15.1,0,0.6,0.4,0,0.643501109,0.411516846,Unif,reg
(4)Luilhas,Lanhoso,NAT,BURN,20,0,0,0,0,1,0,0,20,0.7,0.1,0.2,0.775397497,0.100167421,0.201357921,34.8,235,70,veg,46.3,0.5,0.2,0.6,0.523598776,0.201357921,0.643501109,Unif,ok
(4)Luilhas,Lanhoso,NAT,BURN,16.3,50,0,0,0,0,1,0,RM,0,0.1,0.9,0,0.100167421,1.119769515,44.4,80,40,rock,19.8,0,0.1,0.9,0,0.100167421,1.119769515,Unif,reg
(4)Luilhas,Lanhoso,NAT,BURN,18.1,55,60,0,0,0,1,0,RM,0,0.1,0.9,0,0.100167421,1.119769515,24.6,250,55,veg,12.6,0,0.2,0.8,0,0.201357921,0.927295218,Unif,ok
(4)Luilhas,Lanhoso,NAT,BURN,18.5,35,90,0,0,1,0,0,120,0,0.5,0.5,0,0.523598776,0.523598776,33.6,195,30,veg,16.8,0,0.6,0.4,0,0.643501109,0.411516846,Spot,reg
(4)Luilhas,Lanhoso,NAT,BURN,16.6,0,20,0,0,0,1,0,RM,0,0,1,0,0,1.570796327,45.6,170,30,rock,23.6,0,0,1,0,0,1.570796327,Unif,ok
(4)Luilhas,Lanhoso,NAT,BURN,16.1,30,75,0,0,0,1,0,RM,0,0.05,0.95,0,0.050020857,1.253235898,50.9,250,140,veg,28.9,0.1,0.2,0.7,0.100167421,0.201357921,0.775397497,Unif,reg
(4)Luilhas,Lanhoso,NAT,BURN,19.3,0,10,0,0,0,1,0,RM,0,0,1,0,0,1.570796327,30.8,450,100,veg,21.2,0,0.5,0.5,0,0.523598776,0.523598776,Unif,ok
(4)Luilhas,Lanhoso,NAT,BURN,16.9,70,45,0,0,1,0,0,400,0,0,1,0,0,1.570796327,26.8,430,70,rock,14.4,0,0,1,0,0,1.570796327,Unif,reg
(4)Luilhas,Lanhoso,NAT,BURN,16.2,45,60,0,0,1,0,0,120,0,0.4,0.6,0,0.411516846,0.643501109,43,200,50,veg,21.8,0,0.5,0.5,0,0.523598776,0.523598776,Unif,reg
(3)Castelo,Lanhoso,HUM,UNBURN,16.5,80,90,0,0,0,0,1,,0.1,0.05,0.85,0.100167421,0.050020857,1.015985294,35,390,20,wall,15,0.1,0.05,0.85,0.100167421,0.050020857,1.015985294,Unif,reg
(3)Castelo,Lanhoso,HUM,UNBURN,19,100,90,0,0,1,0,0,100,0.2,0.1,0.7,0.201357921,0.100167421,0.775397497,17.5,355,45,rock,22.5,0.2,0.1,0.7,0.201357921,0.100167421,0.775397497,Spot,ok
(3)Castelo,Lanhoso,HUM,UNBURN,27,50,0,0,0,0,0,1,,0,0.5,0.5,0,0.523598776,0.523598776,23.5,145,60,veg,12,0,0.5,0.5,0,0.523598776,0.523598776,Spot,ok
(3)Castelo,Lanhoso,HUM,UNBURN,24.5,35,10,0,0,0,0,1,,0,0.5,0.5,0,0.523598776,0.523598776,38,150,70,veg,24,0,0.5,0.5,0,0.523598776,0.523598776,Spot,ok
(3)Castelo,Lanhoso,HUM,UNBURN,31,20,90,0,0,0,0,1,,0.1,0.1,0.8,0.100167421,0.100167421,0.927295218,30.5,250,5,wall,17.5,0.1,0.1,0.8,0.100167421,0.100167421,0.927295218,Spot,reg
(3)Castelo,Lanhoso,HUM,UNBURN,24.5,0,0,0,0,0,0,1,,0,0,1,0,0,1.570796327,35.5,200,20,wall,31,0,0,1,0,0,1.570796327,Spot,reg
(3)Castelo,Lanhoso,HUM,UNBURN,25.5,77,0,0,0,0,0,1,,0,0.2,0.8,0,0.201357921,0.927295218,42,135,200,wall,32,0,0.2,0.8,0,0.201357921,0.927295218,Spot,ok
(3)Castelo,Lanhoso,HUM,UNBURN,19.5,30,90,0,0,0,0,1,,0.1,0.3,0.6,0.100167421,0.304692654,0.643501109,30,120,30,wall,10,0.1,0.3,0.6,0.100167421,0.304692654,0.643501109,Unif,reg
(3)Castelo,Lanhoso,HUM,UNBURN,19,60,90,0,0,0,0,1,,0,0.4,0.6,0,0.411516846,0.643501109,37.5,220,50,wall,20.5,0,0.4,0.6,0,0.411516846,0.643501109,Unif,reg
(3)Castelo,Lanhoso,HUM,UNBURN,21.5,0,0,0,0,0,0,1,,0,0.3,0.7,0,0.304692654,0.775397497,45,80,65,wall,13,0,0.3,0.7,0,0.304692654,0.775397497,Spot,reg
(3)Castelo,Lanhoso,HUM,UNBURN,19.5,5,10,0,0,0,0,1,,0,0.5,0.5,0,0.523598776,0.523598776,20.5,55,10,wall,23.5,0,0.5,0.5,0,0.523598776,0.523598776,Unif,ok
(3)Castelo,Lanhoso,HUM,UNBURN,19.5,0,0,0,0,0,0,1,,0,0,1,0,0,1.570796327,33,100,100,wall,25.5,0,0,1,0,0,1.570796327,Spot,reg
(3)Castelo,Lanhoso,HUM,UNBURN,21.5,80,20,0,0,0,0,1,,0,0,1,0,0,1.570796327,30.5,160,170,wall,7,0,0,1,0,0,1.570796327,Spot,ok
(3)Castelo,Lanhoso,HUM,UNBURN,22.5,70,90,0,0,0,0,1,,0.2,0.15,0.65,0.201357921,0.150568273,0.707584437,42.5,170,60,wall,28.5,0.5,0.1,0.4,0.523598776,0.100167421,0.411516846,Unif,reg
(3)Castelo,Lanhoso,HUM,UNBURN,23,45,40,0,0,0,0,1,,0.35,0,0.65,0.357571104,0,0.707584437,29,100,30,wall,26,0.35,0,0.65,0.357571104,0,0.707584437,Unif,reg
(3)Castelo,Lanhoso,HUM,UNBURN,,40,70,0,0,1,0,0,80,0.15,0,0.85,0.150568273,0,1.015985294,42.5,160,40,rock,20,0.15,0,0.85,0.150568273,0,1.015985294,Unif,ok
(3)Castelo,Lanhoso,HUM,UNBURN,,45,60,0,0,1,0,0,200,0.1,0,0.9,0.100167421,0,1.119769515,44.5,315,50,rock,19,0.1,0,0.9,0.100167421,0,1.119769515,Unif,ok
(3)Castelo,Lanhoso,HUM,UNBURN,,35,0,0,0,0,0,1,,0,0,1,0,0,1.570796327,35.5,173,65,wall,27,0,0,1,0,0,1.570796327,Unif,reg
(3)Castelo,Lanhoso,HUM,UNBURN,,30,90,0,0,0,0,1,,0,0,1,0,0,1.570796327,23,170,5,wall,17.5,0,0,1,0,0,1.570796327,Unif,ok
(3)Castelo,Lanhoso,HUM,UNBURN,,60,90,0,0,0,0,1,,0,0,1,0,0,1.570796327,28.5,190,5,wall,17,0,0,1,0,0,1.570796327,Unif,reg
(3)Castelo,Lanhoso,HUM,UNBURN,,0,0,0,0,0,0,1,,0,0,1,0,0,1.570796327,32.5,505,20,wall,25,0,0,1,0,0,1.570796327,Unif,ok
(3)Castelo,Lanhoso,HUM,UNBURN,,40,0,0,0,0,0,1,,0,0,1,0,0,1.570796327,24.5,400,70,wall,11.5,0,0,1,0,0,1.570796327,,ok
(3)Castelo,Lanhoso,HUM,UNBURN,,0,0,0,0,0,0,1,,0,0,1,0,0,1.570796327,45.5,180,370,wall,25,0,0,1,0,0,1.570796327,Spot,reg
(3)Castelo,Lanhoso,HUM,UNBURN,,0,0,0,0,1,0,0,200,0,0,1,0,0,1.570796327,43,250,40,rock,24,0.05,0.1,0.85,0.050020857,0.100167421,1.015985294,Spot,ok
(3)Castelo,Lanhoso,HUM,UNBURN,,50,0,0,0,0,0,1,,0.2,0.15,0.65,0.201357921,0.150568273,0.707584437,42,235,95,wall,19.5,0.1,0.1,0.8,0.100167421,0.100167421,0.927295218,Unif,ok
(3)Castelo,Lanhoso,HUM,UNBURN,,30,90,0,0,0,0,1,,0,0.3,0.7,0,0.304692654,0.775397497,25.5,145,10,wall,20,0,0.3,0.7,0,0.304692654,0.775397497,Spot,reg
(3)Castelo,Lanhoso,HUM,UNBURN,,0,0,0,1,0,0,0,,0,0.6,0.4,0,0.643501109,0.411516846,35,190,120,wall,35,0,0.2,0.8,0,0.201357921,0.927295218,Unif,reg
(3)Castelo,Lanhoso,HUM,UNBURN,23.5,0,0,0,0,0,0,1,,0,0,1,0,0,1.570796327,46.6,140,95,wall,60,0,0,1,0,0,1.570796327,Spot,ok
(3)Castelo,Lanhoso,HUM,UNBURN,21.8,35,90,0,0,0,0,1,,0,0,1,0,0,1.570796327,30.8,195,70,wall,13.1,0.3,0,0.7,0.304692654,0,0.775397497,Unif,reg
(3)Castelo,Lanhoso,HUM,UNBURN,22,25,90,0,0,0,0,1,,0,0,1,0,0,1.570796327,37.3,140,75,wall,39,0,0,1,0,0,1.570796327,Unif,reg
(3)Castelo,Lanhoso,HUM,UNBURN,20.7,20,90,0,0,0,0,1,,0,0,1,0,0,1.570796327,45.8,205,15,wall,35.7,0,0,1,0,0,1.570796327,Unif,reg
(3)Castelo,Lanhoso,HUM,UNBURN,22.3,40,0,0,0,1,0,0,50,0.05,0.1,0.85,0.050020857,0.100167421,1.015985294,31.7,170,50,rock,18.6,0.05,0.1,0.85,0.050020857,0.100167421,1.015985294,Unif,ok
(3)Castelo,Lanhoso,HUM,UNBURN,21.9,55,90,0,0,0,0,1,,0.05,0,0.95,0.050020857,0,1.253235898,36.4,115,85,wall,37.8,0.15,0,0.85,0.150568273,0,1.015985294,Unif,reg
(3)Castelo,Lanhoso,HUM,UNBURN,23.5,80,90,0,0,0,0,1,,0.2,0,0.8,0.201357921,0,0.927295218,52.3,145,10,wall,45.9,0.2,0,0.8,0.201357921,0,0.927295218,Spot,ok
(3)Castelo,Lanhoso,HUM,UNBURN,24.6,35,90,0,0,0,0,1,,0.3,0,0.7,0.304692654,0,0.775397497,18.6,230,120,wall,10.3,0.15,0,0.85,0.150568273,0,1.015985294,Unif,reg
(3)Castelo,Lanhoso,HUM,UNBURN,25.4,130,0,0,0,0,0,1,,0,0,1,0,0,1.570796327,42.3,165,50,wall,39.4,0,0,1,0,0,1.570796327,Unif,ok
(3)Castelo,Lanhoso,HUM,UNBURN,21.8,15,0,0,0,0,0,1,,0.4,0,0.6,0.411516846,0,0.643501109,26.4,135,10,wall,18.8,0.4,0,0.6,0.411516846,0,0.643501109,Unif,reg
(3)Castelo,Lanhoso,HUM,UNBURN,22.1,110,90,0,0,0,0,1,,0,0,1,0,0,1.570796327,30.1,130,90,wall,30.1,0,0,1,0,0,1.570796327,Unif,reg
(3)Castelo,Lanhoso,HUM,UNBURN,25.5,110,20,0,1,0,0,0,,0,1,0,0,1.570796327,0,33.8,210,40,veg,37.5,0.2,0.8,0,0.201357921,0.927295218,0,Spot,reg
(3)Castelo,Lanhoso,HUM,UNBURN,27.4,90,0,0,0,0,0,1,,0.3,0,0.7,0.304692654,0,0.775397497,46.3,155,110,wall,46.1,0.3,0,0.7,0.304692654,0,0.775397497,Unif,ok
(3)Castelo,Lanhoso,HUM,UNBURN,20.3,20,45,0,0,1,0,0,,0.6,0,0.4,0.643501109,0,0.411516846,42.4,135,120,rock,51.7,0.6,0,0.4,0.643501109,0,0.411516846,Unif,reg
(3)Castelo,Lanhoso,HUM,UNBURN,16.1,0,0,1,0,0,0,0,,0.5,0,0.5,0.523598776,0,0.523598776,33.9,150,75,wall,28.4,0.15,0,0.85,0.150568273,0,1.015985294,Spot,reg
(3)Castelo,Lanhoso,HUM,UNBURN,17.1,0,15,1,0,0,0,0,,0.15,0,0.85,0.150568273,0,1.015985294,31.6,265,15,wall,16.8,0.15,0,0.85,0.150568273,0,1.015985294,Unif,reg
(3)Castelo,Lanhoso,HUM,UNBURN,17.9,25,0,0,0,0,0,1,,0.15,0,0.85,0.150568273,0,1.015985294,40.2,65,20,wall,29.9,0.15,0,0.85,0.150568273,0,1.015985294,Spot,reg
(3)Castelo,Lanhoso,HUM,UNBURN,16.2,0,15,0,0,0,1,0,RM,0,0,1,0,0,1.570796327,29.6,320,100,wall,34,0,0,1,0,0,1.570796327,Unif,reg
(3)Castelo,Lanhoso,HUM,UNBURN,18.9,15,0,0,0,0,0,1,,0,0,1,0,0,1.570796327,31.7,220,155,wall,28.2,0,0,1,0,0,1.570796327,Spot,reg
(3)Castelo,Lanhoso,HUM,UNBURN,21.4,0,45,1,0,0,0,0,,0.9,0,0.1,1.119769515,0,0.100167421,42.3,255,175,soil,29,0.5,0,0.5,0.523598776,0,0.523598776,Unif,reg
(3)Castelo,Lanhoso,HUM,UNBURN,21.2,35,90,0,0,0,0,1,,0.2,0,0.8,0.201357921,0,0.927295218,19.8,205,20,wall,16.9,0.2,0,0.8,0.201357921,0,0.927295218,Unif,reg
